{
  "low_goal_expectation": 0.6,
  "odds_spread": 0.10000000000000003,
  "draw_favorability": 0.4285714285714286,
  "draw_likely": true
}